[
{
    "pk": 22, 
    "model": "arcsecond.Coordinates", 
    "fields": {
        "latitude": 43.17833333333333, 
        "longitude": 16.448333333333334, 
        "height": 238
    }
},
{
    "pk": 22, 
    "model": "arcsecond.ObservingSite", 
    "fields": {
        "name": "ACT", 
        "time_zone_name": "Europe/Zagreb", 
        "country": "Croatia", 
        "time_zone": "+01:00", 
        "coordinates": [
            16.448333333333334, 
            43.17833333333333
        ], 
        "long_name": "Austro Croatian Telescope", 
        "homepage": "http://www.univie.ac.at/dasa/Hvar/hvar-start.html", 
        "continent": "Europe", 
        "wikipedia_article": "http://en.wikipedia.org/wiki/Austro_Croatian_Telescope"
    }
},
{
    "pk": 23, 
    "model": "arcsecond.Coordinates", 
    "fields": {
        "latitude": 43.75388888888889, 
        "longitude": 11.255333333333333, 
        "height": 30
    }
},
{
    "pk": 23, 
    "model": "arcsecond.ObservingSite", 
    "fields": {
        "name": "Arcetri", 
        "time_zone_name": "Europe/Rome", 
        "country": "Italy", 
        "time_zone": "+01:00", 
        "coordinates": [
            11.255333333333333, 
            43.75388888888889
        ], 
        "IAUCode": "030", 
        "long_name": "Arcetri Observatory", 
        "homepage": "http://www.arcetri.astro.it/", 
        "continent": "Europe", 
        "wikipedia_article": "http://en.wikipedia.org/wiki/Arcetri_Observatory"
    }
},
{
    "pk": 24, 
    "model": "arcsecond.Coordinates", 
    "fields": {
        "latitude": 37.223333333333336, 
        "longitude": -2.5458, 
        "height": 2168
    }
},
{
    "pk": 24, 
    "model": "arcsecond.ObservingSite", 
    "fields": {
        "name": "Calar Alto", 
        "time_zone_name": "Europe/Madrid", 
        "country": "Spain", 
        "time_zone": "-01:00", 
        "coordinates": [
            -2.5458, 
            37.223333333333336
        ], 
        "IAUCode": "493", 
        "long_name": "Calar Alto Observatory", 
        "homepage": "http://www.caha.es/", 
        "continent": "Europe", 
        "wikipedia_article": "http://en.wikipedia.org/wiki/Calar_Alto_Observatory"
    }
},
{
    "pk": 25, 
    "model": "arcsecond.Coordinates", 
    "fields": {
        "latitude": 43.401666666666664, 
        "longitude": 12.37638888888889, 
        "height": 487
    }
},
{
    "pk": 25, 
    "model": "arcsecond.ObservingSite", 
    "fields": {
        "name": "Coloti", 
        "time_zone_name": "Europe/Rome", 
        "country": "Italy", 
        "time_zone": "+01:00", 
        "coordinates": [
            12.37638888888889, 
            43.401666666666664
        ], 
        "long_name": "Coloti Observatory", 
        "homepage": "http://astro.fisica.unipg.it/coloti/coloti.htm", 
        "continent": "Europe", 
        "wikipedia_article": "http://en.wikipedia.org/wiki/Coloti_Observatory"
    }
},
{
    "pk": 26, 
    "model": "arcsecond.Coordinates", 
    "fields": {
        "latitude": 50.52472222222222, 
        "longitude": 6.882777777777778, 
        "height": 319
    }
},
{
    "pk": 26, 
    "model": "arcsecond.ObservingSite", 
    "fields": {
        "name": "Effelsberg", 
        "time_zone_name": "Europe/Berlin", 
        "country": "Germany", 
        "time_zone": "+01:00", 
        "coordinates": [
            6.882777777777778, 
            50.52472222222222
        ], 
        "long_name": "Effelsberg Observatory", 
        "homepage": "http://www.mpifr.de/english/radiotelescope/index.html", 
        "continent": "Europe", 
        "wikipedia_article": "http://en.wikipedia.org/wiki/Effelsberg_100-m_Radio_Telescope"
    }
},
{
    "pk": 27, 
    "model": "arcsecond.Coordinates", 
    "fields": {
        "latitude": 46.310725, 
        "longitude": 6.135800000000001, 
        "height": 232
    }
},
{
    "pk": 27, 
    "model": "arcsecond.ObservingSite", 
    "fields": {
        "name": "Geneva", 
        "time_zone_name": "Europe/Paris", 
        "country": "Switzerland", 
        "time_zone": "+01:00", 
        "coordinates": [
            6.135800000000001, 
            46.310725
        ], 
        "IAUCode": "517", 
        "long_name": "Observatory of Geneva", 
        "homepage": "http://www.unige.ch/sciences/astro/an", 
        "continent": "Europe", 
        "wikipedia_article": "http://en.wikipedia.org/wiki/Observatory_of_Geneva"
    }
},
{
    "pk": 28, 
    "model": "arcsecond.Coordinates", 
    "fields": {
        "latitude": 51.47732222222223, 
        "longitude": 0.0, 
        "height": 10
    }
},
{
    "pk": 28, 
    "model": "arcsecond.ObservingSite", 
    "fields": {
        "name": "Greenwich", 
        "time_zone_name": "Europe/London", 
        "country": "United Kingdom", 
        "time_zone": "+00:00", 
        "coordinates": [
            0.0, 
            51.47732222222223
        ], 
        "IAUCode": "000", 
        "long_name": "Royal Greenwich Observatory", 
        "homepage": "http://www.royalgreenwichastro.co.uk/", 
        "continent": "Europe", 
        "wikipedia_article": "http://en.wikipedia.org/wiki/Royal_Greenwich_Observatory"
    }
},
{
    "pk": 29, 
    "model": "arcsecond.Coordinates", 
    "fields": {
        "latitude": 60.15533611111111, 
        "longitude": 24.95861111111111, 
        "height": 33
    }
},
{
    "pk": 29, 
    "model": "arcsecond.ObservingSite", 
    "fields": {
        "name": "Helsinki", 
        "time_zone_name": "Europe/Helsinki", 
        "country": "Finland", 
        "time_zone": "+02:00", 
        "coordinates": [
            24.95861111111111, 
            60.15533611111111
        ], 
        "IAUCode": "569", 
        "long_name": "Helsinki Observatory", 
        "homepage": "http://www.gastro.physics.helsinki.fi/", 
        "continent": "Europe", 
        "wikipedia_article": "http://en.wikipedia.org/wiki/Helsinki_University_Observatory"
    }
},
{
    "pk": 30, 
    "model": "arcsecond.Coordinates", 
    "fields": {
        "latitude": 40.098888888888894, 
        "longitude": 26.474444444444444, 
        "height": 410
    }
},
{
    "pk": 30, 
    "model": "arcsecond.ObservingSite", 
    "fields": {
        "name": "Istanbul", 
        "time_zone_name": "Europe/Istanbul", 
        "country": "Turkey", 
        "time_zone": "+03:00", 
        "coordinates": [
            26.474444444444444, 
            40.098888888888894
        ], 
        "long_name": "Istanbul T60", 
        "homepage": "http://astronomi.istanbul.edu.tr/meteoist60", 
        "continent": "Europe"
    }
},
{
    "pk": 31, 
    "model": "arcsecond.Coordinates", 
    "fields": {
        "latitude": 28.76022222222222, 
        "longitude": -17.88238888888889, 
        "height": 2500
    }
},
{
    "pk": 31, 
    "model": "arcsecond.ObservingSite", 
    "fields": {
        "name": "La Palma", 
        "time_zone_name": "Atlantic/Canary", 
        "country": "Spain", 
        "time_zone": "-00:00", 
        "coordinates": [
            -17.88238888888889, 
            28.76022222222222
        ], 
        "IAUCode": "950", 
        "long_name": "Roque de los Muchachos Observatory", 
        "homepage": "http://www.iac.es/eno.php?op1=2&lang=en", 
        "continent": "Europe", 
        "wikipedia_article": "http://en.wikipedia.org/wiki/Roque_de_los_Muchachos_Observatory"
    }
},
{
    "pk": 32, 
    "model": "arcsecond.Coordinates", 
    "fields": {
        "latitude": 52.155433333333335, 
        "longitude": 4.484, 
        "height": 49
    }
},
{
    "pk": 32, 
    "model": "arcsecond.ObservingSite", 
    "fields": {
        "name": "Leiden", 
        "time_zone_name": "Europe/Amsterdam", 
        "country": "The Netherlands", 
        "time_zone": "+01:00", 
        "coordinates": [
            4.484, 
            52.155433333333335
        ], 
        "IAUCode": "013", 
        "long_name": "Leiden Observatory", 
        "homepage": "http://www.strw.leidenuniv.nl/", 
        "continent": "Europe", 
        "wikipedia_article": "http://en.wikipedia.org/wiki/Leiden_Observatory"
    }
},
{
    "pk": 33, 
    "model": "arcsecond.Coordinates", 
    "fields": {
        "latitude": 50.61805555555556, 
        "longitude": 5.5643, 
        "height": 145
    }
},
{
    "pk": 33, 
    "model": "arcsecond.ObservingSite", 
    "fields": {
        "name": "Lie\u0300ge", 
        "time_zone_name": "Europe/Brussels", 
        "country": "Belgium", 
        "time_zone": "+01:00", 
        "coordinates": [
            5.5643, 
            50.61805555555556
        ], 
        "IAUCode": "623", 
        "long_name": "Li\u00e8ge Observatory", 
        "homepage": "http://onekilopars.ec", 
        "continent": "Europe", 
        "wikipedia_article": "http://en.wikipedia.org/wiki/Observatoire_de_Cointe"
    }
},
{
    "pk": 34, 
    "model": "arcsecond.Coordinates", 
    "fields": {
        "latitude": 55.69786111111111, 
        "longitude": 13.187222222222223, 
        "height": 16.4
    }
},
{
    "pk": 34, 
    "model": "arcsecond.ObservingSite", 
    "fields": {
        "name": "Lund", 
        "time_zone_name": "Europe/Stockholm", 
        "country": "Sweden", 
        "time_zone": "+01:00", 
        "coordinates": [
            13.187222222222223, 
            55.69786111111111
        ], 
        "IAUCode": "039", 
        "long_name": "Lund Observatory", 
        "homepage": "http://www.astro.lu.se/", 
        "continent": "Europe", 
        "wikipedia_article": "http://en.wikipedia.org/wiki/Lund_Observatory"
    }
},
{
    "pk": 35, 
    "model": "arcsecond.Coordinates", 
    "fields": {
        "latitude": 47.38333333333333, 
        "longitude": 2.2, 
        "height": 30
    }
},
{
    "pk": 35, 
    "model": "arcsecond.ObservingSite", 
    "fields": {
        "name": "Nanc\u0327ay", 
        "time_zone_name": "Europe/Paris", 
        "country": "France", 
        "time_zone": "+01:00", 
        "coordinates": [
            2.2, 
            47.38333333333333
        ], 
        "long_name": "Nan\u00e7ay Radio Observatory", 
        "homepage": "http://www.obs-nancay.fr/", 
        "continent": "Europe", 
        "wikipedia_article": "http://en.wikipedia.org/wiki/Nanc\u0327ay_Radio_Telescope"
    }
},
{
    "pk": 36, 
    "model": "arcsecond.Coordinates", 
    "fields": {
        "latitude": 48.80472222222222, 
        "longitude": 2.2311111111111113, 
        "height": 128
    }
},
{
    "pk": 36, 
    "model": "arcsecond.ObservingSite", 
    "fields": {
        "name": "Paris Meudon", 
        "time_zone_name": "Europe/Paris", 
        "country": "France", 
        "time_zone": "+01:00", 
        "coordinates": [
            2.2311111111111113, 
            48.80472222222222
        ], 
        "IAUCode": "005", 
        "long_name": "Observatoire de Paris Meudon", 
        "homepage": "http://www.obspm.fr/", 
        "continent": "Europe", 
        "wikipedia_article": "http://en.wikipedia.org/wiki/Paris_Observatory"
    }
},
{
    "pk": 37, 
    "model": "arcsecond.Coordinates", 
    "fields": {
        "latitude": 44.63388888888889, 
        "longitude": 5.9077777777777785, 
        "height": 2550
    }
},
{
    "pk": 37, 
    "model": "arcsecond.ObservingSite", 
    "fields": {
        "name": "Plateau de Bure", 
        "time_zone_name": "Europe/Paris", 
        "country": "France", 
        "time_zone": "+01:00", 
        "coordinates": [
            5.9077777777777785, 
            44.63388888888889
        ], 
        "long_name": "Interf\u00e9rom\u00e8tre du Plateau de Bure", 
        "homepage": "http://www.iram-institute.org", 
        "continent": "Europe", 
        "wikipedia_article": "http://en.wikipedia.org/wiki/Plateau_de_Bure_Interferometer"
    }
},
{
    "pk": 38, 
    "model": "arcsecond.Coordinates", 
    "fields": {
        "latitude": 43.93183333333333, 
        "longitude": 5.712777777777778, 
        "height": 633
    }
},
{
    "pk": 38, 
    "model": "arcsecond.ObservingSite", 
    "fields": {
        "name": "OHP", 
        "time_zone_name": "Europe/Paris", 
        "country": "France", 
        "time_zone": "+01:00", 
        "coordinates": [
            5.712777777777778, 
            43.93183333333333
        ], 
        "IAUCode": "511", 
        "long_name": "Observatoire de Haute-Provence", 
        "homepage": "http://www.obs-hp.fr/", 
        "continent": "Europe", 
        "wikipedia_article": "http://en.wikipedia.org/wiki/Haute-Provence_Observatory"
    }
},
{
    "pk": 39, 
    "model": "arcsecond.Coordinates", 
    "fields": {
        "latitude": 57.395833333333336, 
        "longitude": 11.926353333333333, 
        "height": 22.758
    }
},
{
    "pk": 39, 
    "model": "arcsecond.ObservingSite", 
    "fields": {
        "name": "Onsala", 
        "time_zone_name": "Europe/Stockholm", 
        "country": "Sweden", 
        "time_zone": "+01:00", 
        "coordinates": [
            11.926353333333333, 
            57.395833333333336
        ], 
        "long_name": "Onsala Space Observatory", 
        "homepage": "http://www.chalmers.se/rss/oso-en", 
        "continent": "Europe", 
        "wikipedia_article": "http://en.wikipedia.org/wiki/Onsala_Space_Observatory"
    }
},
{
    "pk": 40, 
    "model": "arcsecond.Coordinates", 
    "fields": {
        "latitude": 37.064166666666665, 
        "longitude": -3.3847222222222224, 
        "height": 2896.0
    }
},
{
    "pk": 40, 
    "model": "arcsecond.ObservingSite", 
    "fields": {
        "name": "OSN", 
        "time_zone_name": "Europe/Madrid", 
        "country": "Spain", 
        "time_zone": "-01:00", 
        "coordinates": [
            -3.3847222222222224, 
            37.064166666666665
        ], 
        "long_name": "Observatorio De Sierra Nevada", 
        "homepage": "http://www.osn.iaa.es", 
        "continent": "Europe", 
        "wikipedia_article": "http://en.wikipedia.org/wiki/Sierra_Nevada_Observatory"
    }
},
{
    "pk": 41, 
    "model": "arcsecond.Coordinates", 
    "fields": {
        "latitude": 42.936388888888885, 
        "longitude": 0.1423, 
        "height": 2877
    }
},
{
    "pk": 41, 
    "model": "arcsecond.ObservingSite", 
    "fields": {
        "name": "Pic du Midi", 
        "time_zone_name": "Europe/Paris", 
        "country": "France", 
        "time_zone": "+01:00", 
        "coordinates": [
            0.1423, 
            42.936388888888885
        ], 
        "IAUCode": "586", 
        "long_name": "Observatoire du Pic du Midi", 
        "homepage": "http://ezomp.omp.obs-mip.fr/", 
        "continent": "Europe", 
        "wikipedia_article": "http://en.wikipedia.org/wiki/Pic_du_Midi_Observatory"
    }
},
{
    "pk": 42, 
    "model": "arcsecond.Coordinates", 
    "fields": {
        "latitude": 37.69305555555555, 
        "longitude": 14.97638888888889, 
        "height": 1735
    }
},
{
    "pk": 42, 
    "model": "arcsecond.ObservingSite", 
    "fields": {
        "name": "Serra la Nave", 
        "time_zone_name": "Europe/Rome", 
        "country": "Italia", 
        "time_zone": "+01:00", 
        "coordinates": [
            14.97638888888889, 
            37.69305555555555
        ], 
        "IAUCode": "559", 
        "long_name": "Catania Astrophysical Observatory", 
        "homepage": "http://sln.oact.inaf.it/", 
        "continent": "Europe", 
        "wikipedia_article": "http://en.wikipedia.org/wiki/Catania Astrophysical Observatory"
    }
},
{
    "pk": 43, 
    "model": "arcsecond.Coordinates", 
    "fields": {
        "latitude": 35.21194444444445, 
        "longitude": 24.899166666666666, 
        "height": 1750
    }
},
{
    "pk": 43, 
    "model": "arcsecond.ObservingSite", 
    "fields": {
        "name": "Skinakas", 
        "time_zone_name": "Europe/Athens", 
        "country": "Greece", 
        "time_zone": "+02:00", 
        "coordinates": [
            24.899166666666666, 
            35.21194444444445
        ], 
        "long_name": "Skinakas Observatory", 
        "homepage": "http://skinakas.physics.uoc.gr", 
        "continent": "Europe", 
        "wikipedia_article": "http://en.wikipedia.org/wiki/Skinakas_Observatory"
    }
},
{
    "pk": 44, 
    "model": "arcsecond.Coordinates", 
    "fields": {
        "latitude": 48.583333333333336, 
        "longitude": 7.768055555555556, 
        "height": 140.0
    }
},
{
    "pk": 44, 
    "model": "arcsecond.ObservingSite", 
    "fields": {
        "name": "Strasbourg", 
        "time_zone_name": "Europe/Paris", 
        "country": "France", 
        "time_zone": "01:00", 
        "coordinates": [
            7.768055555555556, 
            48.583333333333336
        ], 
        "IAUCode": "522", 
        "long_name": "Observatoire astronomique de Strasbourg", 
        "homepage": "http://astro.unistra.fr", 
        "continent": "Europe", 
        "wikipedia_article": "http://fr.wikipedia.org/wiki/Observatoire_astronomique_de_Strasbourg"
    }
},
{
    "pk": 45, 
    "model": "arcsecond.Coordinates", 
    "fields": {
        "latitude": 58.37968333333333, 
        "longitude": 26.7216, 
        "height": 100
    }
},
{
    "pk": 45, 
    "model": "arcsecond.ObservingSite", 
    "fields": {
        "name": "Tartu", 
        "time_zone_name": "Europe/Tallinn", 
        "country": "Estonia", 
        "time_zone": "+02:00", 
        "coordinates": [
            26.7216, 
            58.37968333333333
        ], 
        "IAUCode": "075", 
        "long_name": "Tartu Observatory", 
        "homepage": "http://www.aai.ee/", 
        "continent": "Europe", 
        "wikipedia_article": "http://en.wikipedia.org/wiki/Tartu_Observatory"
    }
},
{
    "pk": 46, 
    "model": "arcsecond.Coordinates", 
    "fields": {
        "latitude": 28.3, 
        "longitude": -16.509722222222223, 
        "height": 2390
    }
},
{
    "pk": 46, 
    "model": "arcsecond.ObservingSite", 
    "fields": {
        "name": "Teide", 
        "time_zone_name": "Atlantic/Canary", 
        "country": "Spain", 
        "time_zone": "+00:00", 
        "coordinates": [
            -16.509722222222223, 
            28.3
        ], 
        "IAUCode": "954", 
        "long_name": "Teide Observatory", 
        "homepage": "http://www.iac.es/eno.php?op1=3", 
        "continent": "Europe", 
        "wikipedia_article": "http://en.wikipedia.org/wiki/Teide_Observatory"
    }
},
{
    "pk": 47, 
    "model": "arcsecond.Coordinates", 
    "fields": {
        "latitude": 36.82416666666667, 
        "longitude": 30.335555555555555, 
        "height": 2450
    }
},
{
    "pk": 47, 
    "model": "arcsecond.ObservingSite", 
    "fields": {
        "name": "T\u00dcBITAK", 
        "time_zone_name": "Europe/Istanbul", 
        "country": "Turkey", 
        "time_zone": "+02:00", 
        "coordinates": [
            30.335555555555555, 
            36.82416666666667
        ], 
        "IAUCode": "A84", 
        "long_name": "T\u00dcBITAK National Observatory", 
        "homepage": "http://www.tug.tubitak.gov.tr", 
        "continent": "Europe", 
        "wikipedia_article": "http://en.wikipedia.org/wiki/TUBITAK_National_Observatory"
    }
},
{
    "pk": 48, 
    "model": "arcsecond.Coordinates", 
    "fields": {
        "latitude": 40.45111111111111, 
        "longitude": -3.726111111111095, 
        "height": 654.0
    }
},
{
    "pk": 48, 
    "model": "arcsecond.ObservingSite", 
    "fields": {
        "name": "UCM", 
        "time_zone_name": "Europe/Madrid", 
        "country": "Spain", 
        "time_zone": "01:00", 
        "coordinates": [
            -3.726111111111095, 
            40.45111111111111
        ], 
        "IAUCode": "I86", 
        "long_name": "Observatorio Universidad Complutense de Madrid", 
        "homepage": "http://www.ucm.es/info/Astrof/obs_ucm/obs_ucm.html", 
        "continent": "Europe"
    }
},
{
    "pk": 49, 
    "model": "arcsecond.Coordinates", 
    "fields": {
        "latitude": 59.85805555555556, 
        "longitude": 17.625700000000002, 
        "height": 51
    }
},
{
    "pk": 49, 
    "model": "arcsecond.ObservingSite", 
    "fields": {
        "name": "Uppsala", 
        "time_zone_name": "Europe/Stockholm", 
        "country": "Sweden", 
        "time_zone": "+01:00", 
        "coordinates": [
            17.625700000000002, 
            59.85805555555556
        ], 
        "IAUCode": "549", 
        "long_name": "Uppsala Astronomical Observatory", 
        "homepage": "http://www.physics.uu.se/astro/", 
        "continent": "Europe", 
        "wikipedia_article": "http://en.wikipedia.org/wiki/Uppsala_Astronomical_Observatory"
    }
},
{
    "pk": 50, 
    "model": "arcsecond.Coordinates", 
    "fields": {
        "latitude": 48.231883333333336, 
        "longitude": 16.33361111111111, 
        "height": 240
    }
},
{
    "pk": 50, 
    "model": "arcsecond.ObservingSite", 
    "fields": {
        "name": "Vienna", 
        "time_zone_name": "Europe/Vienna", 
        "country": "Austria", 
        "time_zone": "+02:00", 
        "coordinates": [
            16.33361111111111, 
            48.231883333333336
        ], 
        "IAUCode": "045", 
        "long_name": "Vienna Observatory", 
        "homepage": "http://astro.univie.ac.at/", 
        "continent": "Europe", 
        "wikipedia_article": "http://en.wikipedia.org/wiki/Vienna_Observatory"
    }
},
{
    "pk": 46, 
    "model": "arcsecond.Dome", 
    "fields": {
        "name": "The 3.5m Telescope Dome"
    }
},
{
    "pk": 46, 
    "model": "arcsecond.Telescope", 
    "fields": {
        "name": "The 3.5m Telescope", 
        "observing_site": 24, 
        "has_active_optics": false, 
        "dome": 46, 
        "wavelength_domains": [
            "opt"
        ], 
        "has_adaptative_optics": false, 
        "has_laser_guide_star": false
    }
},
{
    "pk": 46, 
    "model": "arcsecond.Mirror", 
    "fields": {
        "diameter": 3500.0, 
        "mirror_index": 0, 
        "telescope": 24
    }
},
{
    "pk": 47, 
    "model": "arcsecond.Dome", 
    "fields": {
        "name": "The 2.2m Telescope Dome"
    }
},
{
    "pk": 47, 
    "model": "arcsecond.Telescope", 
    "fields": {
        "name": "The 2.2m Telescope", 
        "observing_site": 24, 
        "has_active_optics": false, 
        "dome": 47, 
        "wavelength_domains": [
            "opt"
        ], 
        "has_adaptative_optics": false, 
        "has_laser_guide_star": false
    }
},
{
    "pk": 47, 
    "model": "arcsecond.Mirror", 
    "fields": {
        "diameter": 2200.0, 
        "mirror_index": 0, 
        "telescope": 24
    }
},
{
    "pk": 48, 
    "model": "arcsecond.Dome", 
    "fields": {
        "name": "The 1.2m Telescope Dome"
    }
},
{
    "pk": 48, 
    "model": "arcsecond.Telescope", 
    "fields": {
        "name": "The 1.2m Telescope", 
        "observing_site": 24, 
        "has_active_optics": false, 
        "dome": 48, 
        "wavelength_domains": [
            "opt"
        ], 
        "has_adaptative_optics": false, 
        "has_laser_guide_star": false
    }
},
{
    "pk": 48, 
    "model": "arcsecond.Mirror", 
    "fields": {
        "diameter": 1230.0, 
        "mirror_index": 0, 
        "telescope": 24
    }
},
{
    "pk": 49, 
    "model": "arcsecond.Dome", 
    "fields": {
        "name": "100-m Radio Telescope Dome"
    }
},
{
    "pk": 49, 
    "model": "arcsecond.Telescope", 
    "fields": {
        "name": "100-m Radio Telescope", 
        "observing_site": 26, 
        "has_active_optics": false, 
        "dome": 49, 
        "wavelength_domains": [
            "opt"
        ], 
        "has_adaptative_optics": false, 
        "has_laser_guide_star": false
    }
},
{
    "pk": 49, 
    "model": "arcsecond.Mirror", 
    "fields": {
        "diameter": 100000.0, 
        "mirror_index": 0, 
        "telescope": 26
    }
},
{
    "pk": 50, 
    "model": "arcsecond.Dome", 
    "fields": {
        "name": "Gran Telescopio CANARIAS Dome"
    }
},
{
    "pk": 50, 
    "model": "arcsecond.Telescope", 
    "fields": {
        "name": "Gran Telescopio CANARIAS", 
        "observing_site": 31, 
        "has_active_optics": true, 
        "dome": 50, 
        "wavelength_domains": [
            "opt"
        ], 
        "has_adaptative_optics": true, 
        "has_laser_guide_star": false
    }
},
{
    "pk": 50, 
    "model": "arcsecond.Mirror", 
    "fields": {
        "diameter": 11350.0, 
        "mirror_index": 0, 
        "telescope": 31
    }
},
{
    "pk": 51, 
    "model": "arcsecond.Dome", 
    "fields": {
        "name": "William Herschel Telescope Dome"
    }
},
{
    "pk": 51, 
    "model": "arcsecond.Telescope", 
    "fields": {
        "name": "William Herschel Telescope", 
        "observing_site": 31, 
        "has_active_optics": false, 
        "dome": 51, 
        "wavelength_domains": [
            "opt"
        ], 
        "has_adaptative_optics": false, 
        "has_laser_guide_star": false
    }
},
{
    "pk": 51, 
    "model": "arcsecond.Mirror", 
    "fields": {
        "diameter": 4200.0, 
        "mirror_index": 0, 
        "telescope": 31
    }
},
{
    "pk": 52, 
    "model": "arcsecond.Dome", 
    "fields": {
        "name": "Telescopio Nazionale Galileo Dome"
    }
},
{
    "pk": 52, 
    "model": "arcsecond.Telescope", 
    "fields": {
        "name": "Telescopio Nazionale Galileo", 
        "observing_site": 31, 
        "has_active_optics": false, 
        "dome": 52, 
        "optical_design": "rc", 
        "wavelength_domains": [
            "opt"
        ], 
        "has_adaptative_optics": true, 
        "has_laser_guide_star": false
    }
},
{
    "pk": 52, 
    "model": "arcsecond.Mirror", 
    "fields": {
        "diameter": 3580.0, 
        "mirror_index": 0, 
        "telescope": 31
    }
},
{
    "pk": 53, 
    "model": "arcsecond.Dome", 
    "fields": {
        "name": "Nordic Optical Telescope Dome"
    }
},
{
    "pk": 53, 
    "model": "arcsecond.Telescope", 
    "fields": {
        "name": "Nordic Optical Telescope", 
        "observing_site": 31, 
        "has_active_optics": false, 
        "dome": 53, 
        "wavelength_domains": [
            "opt"
        ], 
        "has_adaptative_optics": false, 
        "has_laser_guide_star": false
    }
},
{
    "pk": 53, 
    "model": "arcsecond.Mirror", 
    "fields": {
        "diameter": 2560.0, 
        "mirror_index": 0, 
        "telescope": 31
    }
},
{
    "pk": 54, 
    "model": "arcsecond.Dome", 
    "fields": {
        "name": "Isaac Newton Telescope Dome"
    }
},
{
    "pk": 54, 
    "model": "arcsecond.Telescope", 
    "fields": {
        "name": "Isaac Newton Telescope", 
        "observing_site": 31, 
        "has_active_optics": false, 
        "dome": 54, 
        "wavelength_domains": [
            "opt"
        ], 
        "has_adaptative_optics": false, 
        "has_laser_guide_star": false
    }
},
{
    "pk": 54, 
    "model": "arcsecond.Mirror", 
    "fields": {
        "diameter": 2540.0, 
        "mirror_index": 0, 
        "telescope": 31
    }
},
{
    "pk": 55, 
    "model": "arcsecond.Dome", 
    "fields": {
        "name": "Liverpool Telescope Dome"
    }
},
{
    "pk": 55, 
    "model": "arcsecond.Telescope", 
    "fields": {
        "name": "Liverpool Telescope", 
        "observing_site": 31, 
        "has_active_optics": false, 
        "dome": 55, 
        "wavelength_domains": [
            "opt"
        ], 
        "has_adaptative_optics": false, 
        "has_laser_guide_star": false
    }
},
{
    "pk": 55, 
    "model": "arcsecond.Mirror", 
    "fields": {
        "diameter": 2000.0, 
        "mirror_index": 0, 
        "telescope": 31
    }
},
{
    "pk": 56, 
    "model": "arcsecond.Dome", 
    "fields": {
        "name": "Mercator Telescope Dome"
    }
},
{
    "pk": 56, 
    "model": "arcsecond.Telescope", 
    "fields": {
        "name": "Mercator Telescope", 
        "observing_site": 31, 
        "has_active_optics": false, 
        "dome": 56, 
        "optical_design": "rc", 
        "wavelength_domains": [
            "opt"
        ], 
        "has_adaptative_optics": false, 
        "has_laser_guide_star": false
    }
},
{
    "pk": 56, 
    "model": "arcsecond.Mirror", 
    "fields": {
        "diameter": 1200.0, 
        "mirror_index": 0, 
        "telescope": 31
    }
},
{
    "pk": 57, 
    "model": "arcsecond.Dome", 
    "fields": {
        "name": "Automatic Transit Circle Dome"
    }
},
{
    "pk": 57, 
    "model": "arcsecond.Telescope", 
    "fields": {
        "name": "Automatic Transit Circle", 
        "observing_site": 31, 
        "has_active_optics": false, 
        "dome": 57, 
        "wavelength_domains": [
            "opt"
        ], 
        "has_adaptative_optics": false, 
        "has_laser_guide_star": false
    }
},
{
    "pk": 57, 
    "model": "arcsecond.Mirror", 
    "fields": {
        "diameter": 180.0, 
        "mirror_index": 0, 
        "telescope": 31
    }
},
{
    "pk": 58, 
    "model": "arcsecond.Dome", 
    "fields": {
        "name": "Swedish Solar Telescope Dome"
    }
},
{
    "pk": 58, 
    "model": "arcsecond.Telescope", 
    "fields": {
        "name": "Swedish Solar Telescope", 
        "observing_site": 31, 
        "has_active_optics": false, 
        "dome": 58, 
        "wavelength_domains": [
            "opt"
        ], 
        "has_adaptative_optics": false, 
        "has_laser_guide_star": false
    }
},
{
    "pk": 58, 
    "model": "arcsecond.Mirror", 
    "fields": {
        "diameter": 1000.0, 
        "mirror_index": 0, 
        "telescope": 31
    }
},
{
    "pk": 59, 
    "model": "arcsecond.Dome", 
    "fields": {
        "name": "Open Dutch Solar Telescope Dome"
    }
},
{
    "pk": 59, 
    "model": "arcsecond.Telescope", 
    "fields": {
        "name": "Open Dutch Solar Telescope", 
        "observing_site": 31, 
        "has_active_optics": false, 
        "dome": 59, 
        "wavelength_domains": [
            "opt"
        ], 
        "has_adaptative_optics": false, 
        "has_laser_guide_star": false
    }
},
{
    "pk": 59, 
    "model": "arcsecond.Mirror", 
    "fields": {
        "diameter": 450.0, 
        "mirror_index": 0, 
        "telescope": 31
    }
},
{
    "pk": 60, 
    "model": "arcsecond.Dome", 
    "fields": {
        "name": "Major Atmospheric Gamma Imaging Cherenkov Dome"
    }
},
{
    "pk": 60, 
    "model": "arcsecond.Telescope", 
    "fields": {
        "name": "Major Atmospheric Gamma Imaging Cherenkov", 
        "observing_site": 31, 
        "has_active_optics": false, 
        "dome": 60, 
        "wavelength_domains": [
            "opt"
        ], 
        "has_adaptative_optics": false, 
        "has_laser_guide_star": false
    }
},
{
    "pk": 60, 
    "model": "arcsecond.Mirror", 
    "fields": {
        "diameter": 17000.0, 
        "mirror_index": 0, 
        "telescope": 31
    }
},
{
    "pk": 61, 
    "model": "arcsecond.Dome", 
    "fields": {
        "name": "Super Wide Angle Search for Planets (North) Dome"
    }
},
{
    "pk": 61, 
    "model": "arcsecond.Telescope", 
    "fields": {
        "name": "Super Wide Angle Search for Planets (North)", 
        "observing_site": 31, 
        "has_active_optics": false, 
        "dome": 61, 
        "wavelength_domains": [
            "opt"
        ], 
        "has_adaptative_optics": false, 
        "has_laser_guide_star": false
    }
},
{
    "pk": 61, 
    "model": "arcsecond.Mirror", 
    "fields": {
        "diameter": 2000.0, 
        "mirror_index": 0, 
        "telescope": 31
    }
},
{
    "pk": 62, 
    "model": "arcsecond.Dome", 
    "fields": {
        "name": "193cm Telescope Dome"
    }
},
{
    "pk": 62, 
    "model": "arcsecond.Telescope", 
    "fields": {
        "name": "193cm Telescope", 
        "observing_site": 38, 
        "has_active_optics": false, 
        "dome": 62, 
        "wavelength_domains": [
            "opt"
        ], 
        "has_adaptative_optics": false, 
        "has_laser_guide_star": false
    }
},
{
    "pk": 62, 
    "model": "arcsecond.Mirror", 
    "fields": {
        "diameter": 1906.0, 
        "mirror_index": 0, 
        "telescope": 38
    }
},
{
    "pk": 63, 
    "model": "arcsecond.Dome", 
    "fields": {
        "name": "152cm Telescope` Dome"
    }
},
{
    "pk": 63, 
    "model": "arcsecond.Telescope", 
    "fields": {
        "name": "152cm Telescope`", 
        "observing_site": 38, 
        "has_active_optics": false, 
        "dome": 63, 
        "wavelength_domains": [
            "opt"
        ], 
        "has_adaptative_optics": false, 
        "has_laser_guide_star": false
    }
},
{
    "pk": 63, 
    "model": "arcsecond.Mirror", 
    "fields": {
        "diameter": 1500.0, 
        "mirror_index": 0, 
        "telescope": 38
    }
},
{
    "pk": 64, 
    "model": "arcsecond.Dome", 
    "fields": {
        "name": "80cm Telescope Dome"
    }
},
{
    "pk": 64, 
    "model": "arcsecond.Telescope", 
    "fields": {
        "name": "80cm Telescope", 
        "observing_site": 38, 
        "has_active_optics": false, 
        "dome": 64, 
        "wavelength_domains": [
            "opt"
        ], 
        "has_adaptative_optics": false, 
        "has_laser_guide_star": false
    }
},
{
    "pk": 64, 
    "model": "arcsecond.Mirror", 
    "fields": {
        "diameter": 800.0, 
        "mirror_index": 0, 
        "telescope": 38
    }
},
{
    "pk": 65, 
    "model": "arcsecond.Dome", 
    "fields": {
        "name": "Onsala 20m Telescope Dome"
    }
},
{
    "pk": 65, 
    "model": "arcsecond.Telescope", 
    "fields": {
        "name": "Onsala 20m Telescope", 
        "observing_site": 39, 
        "has_active_optics": false, 
        "dome": 65, 
        "wavelength_domains": [
            "opt"
        ], 
        "has_adaptative_optics": false, 
        "has_laser_guide_star": false
    }
},
{
    "pk": 65, 
    "model": "arcsecond.Mirror", 
    "fields": {
        "diameter": 20000.0, 
        "mirror_index": 0, 
        "telescope": 39
    }
},
{
    "pk": 66, 
    "model": "arcsecond.Dome", 
    "fields": {
        "name": "Onsala 25m Telescope Dome"
    }
},
{
    "pk": 66, 
    "model": "arcsecond.Telescope", 
    "fields": {
        "name": "Onsala 25m Telescope", 
        "observing_site": 39, 
        "has_active_optics": false, 
        "dome": 66, 
        "wavelength_domains": [
            "opt"
        ], 
        "has_adaptative_optics": false, 
        "has_laser_guide_star": false
    }
},
{
    "pk": 66, 
    "model": "arcsecond.Mirror", 
    "fields": {
        "diameter": 25000.0, 
        "mirror_index": 0, 
        "telescope": 39
    }
},
{
    "pk": 67, 
    "model": "arcsecond.Dome", 
    "fields": {
        "name": "55cm (Robley Dome) Dome"
    }
},
{
    "pk": 67, 
    "model": "arcsecond.Telescope", 
    "fields": {
        "name": "55cm (Robley Dome)", 
        "observing_site": 41, 
        "has_active_optics": false, 
        "dome": 67, 
        "wavelength_domains": [
            "opt"
        ], 
        "has_adaptative_optics": false, 
        "has_laser_guide_star": false
    }
},
{
    "pk": 67, 
    "model": "arcsecond.Mirror", 
    "fields": {
        "diameter": 550.0, 
        "mirror_index": 0, 
        "telescope": 41
    }
},
{
    "pk": 68, 
    "model": "arcsecond.Dome", 
    "fields": {
        "name": "60cm (T60) Dome"
    }
},
{
    "pk": 68, 
    "model": "arcsecond.Telescope", 
    "fields": {
        "name": "60cm (T60)", 
        "observing_site": 41, 
        "has_active_optics": false, 
        "dome": 68, 
        "wavelength_domains": [
            "opt"
        ], 
        "has_adaptative_optics": false, 
        "has_laser_guide_star": false
    }
},
{
    "pk": 68, 
    "model": "arcsecond.Mirror", 
    "fields": {
        "diameter": 600.0, 
        "mirror_index": 0, 
        "telescope": 41
    }
},
{
    "pk": 69, 
    "model": "arcsecond.Dome", 
    "fields": {
        "name": "106cm (Gentilli Dome) Dome"
    }
},
{
    "pk": 69, 
    "model": "arcsecond.Telescope", 
    "fields": {
        "name": "106cm (Gentilli Dome)", 
        "observing_site": 41, 
        "has_active_optics": false, 
        "dome": 69, 
        "wavelength_domains": [
            "opt"
        ], 
        "has_adaptative_optics": false, 
        "has_laser_guide_star": false
    }
},
{
    "pk": 69, 
    "model": "arcsecond.Mirror", 
    "fields": {
        "diameter": 1060.0, 
        "mirror_index": 0, 
        "telescope": 41
    }
},
{
    "pk": 70, 
    "model": "arcsecond.Dome", 
    "fields": {
        "name": "2m Bernard Lyot Telescope Dome"
    }
},
{
    "pk": 70, 
    "model": "arcsecond.Telescope", 
    "fields": {
        "name": "2m Bernard Lyot Telescope", 
        "observing_site": 41, 
        "has_active_optics": false, 
        "dome": 70, 
        "wavelength_domains": [
            "opt"
        ], 
        "has_adaptative_optics": false, 
        "has_laser_guide_star": false
    }
},
{
    "pk": 70, 
    "model": "arcsecond.Mirror", 
    "fields": {
        "diameter": 2000.0, 
        "mirror_index": 0, 
        "telescope": 41
    }
},
{
    "pk": 71, 
    "model": "arcsecond.Dome", 
    "fields": {
        "name": "Coronograph CLIMSO Dome"
    }
},
{
    "pk": 71, 
    "model": "arcsecond.Telescope", 
    "fields": {
        "name": "Coronograph CLIMSO", 
        "observing_site": 41, 
        "has_active_optics": false, 
        "dome": 71, 
        "wavelength_domains": [
            "opt"
        ], 
        "has_adaptative_optics": false, 
        "has_laser_guide_star": false
    }
},
{
    "pk": 71, 
    "model": "arcsecond.Mirror", 
    "fields": {
        "diameter": 0.0, 
        "mirror_index": 0, 
        "telescope": 41
    }
},
{
    "pk": 72, 
    "model": "arcsecond.Dome", 
    "fields": {
        "name": "1.3m Telescope Dome"
    }
},
{
    "pk": 72, 
    "model": "arcsecond.Telescope", 
    "fields": {
        "name": "1.3m Telescope", 
        "observing_site": 43, 
        "has_active_optics": false, 
        "dome": 72, 
        "wavelength_domains": [
            "opt"
        ], 
        "has_adaptative_optics": false, 
        "has_laser_guide_star": false
    }
},
{
    "pk": 72, 
    "model": "arcsecond.Mirror", 
    "fields": {
        "diameter": 1290.0, 
        "mirror_index": 0, 
        "telescope": 43
    }
},
{
    "pk": 73, 
    "model": "arcsecond.Dome", 
    "fields": {
        "name": "0.6m Telescope Dome"
    }
},
{
    "pk": 73, 
    "model": "arcsecond.Telescope", 
    "fields": {
        "name": "0.6m Telescope", 
        "observing_site": 43, 
        "has_active_optics": false, 
        "dome": 73, 
        "optical_design": "rc", 
        "wavelength_domains": [
            "opt"
        ], 
        "has_adaptative_optics": false, 
        "has_laser_guide_star": false
    }
},
{
    "pk": 73, 
    "model": "arcsecond.Mirror", 
    "fields": {
        "diameter": 610.0, 
        "mirror_index": 0, 
        "telescope": 43
    }
},
{
    "pk": 74, 
    "model": "arcsecond.Dome", 
    "fields": {
        "name": "0.3m Flat Field Telescope Dome"
    }
},
{
    "pk": 74, 
    "model": "arcsecond.Telescope", 
    "fields": {
        "name": "0.3m Flat Field Telescope", 
        "observing_site": 43, 
        "has_active_optics": false, 
        "dome": 74, 
        "wavelength_domains": [
            "opt"
        ], 
        "has_adaptative_optics": false, 
        "has_laser_guide_star": false
    }
},
{
    "pk": 74, 
    "model": "arcsecond.Mirror", 
    "fields": {
        "diameter": 610.0, 
        "mirror_index": 0, 
        "telescope": 43
    }
},
{
    "pk": 75, 
    "model": "arcsecond.Dome", 
    "fields": {
        "name": "1.5m Telescope AZT-12 Dome"
    }
},
{
    "pk": 75, 
    "model": "arcsecond.Telescope", 
    "fields": {
        "name": "1.5m Telescope AZT-12", 
        "observing_site": 45, 
        "has_active_optics": false, 
        "dome": 75, 
        "wavelength_domains": [
            "opt"
        ], 
        "has_adaptative_optics": false, 
        "has_laser_guide_star": false
    }
},
{
    "pk": 75, 
    "model": "arcsecond.Mirror", 
    "fields": {
        "diameter": 1500.0, 
        "mirror_index": 0, 
        "telescope": 45
    }
},
{
    "pk": 76, 
    "model": "arcsecond.Dome", 
    "fields": {
        "name": "0.6m Reflector Telescope Dome"
    }
},
{
    "pk": 76, 
    "model": "arcsecond.Telescope", 
    "fields": {
        "name": "0.6m Reflector Telescope", 
        "observing_site": 45, 
        "has_active_optics": false, 
        "dome": 76, 
        "wavelength_domains": [
            "opt"
        ], 
        "has_adaptative_optics": false, 
        "has_laser_guide_star": false
    }
},
{
    "pk": 76, 
    "model": "arcsecond.Mirror", 
    "fields": {
        "diameter": 600.0, 
        "mirror_index": 0, 
        "telescope": 45
    }
},
{
    "pk": 77, 
    "model": "arcsecond.Dome", 
    "fields": {
        "name": "Solar Vacuum Tower Telescope Dome"
    }
},
{
    "pk": 77, 
    "model": "arcsecond.Telescope", 
    "fields": {
        "name": "Solar Vacuum Tower Telescope", 
        "observing_site": 46, 
        "has_active_optics": false, 
        "dome": 77, 
        "wavelength_domains": [
            "opt"
        ], 
        "has_adaptative_optics": false, 
        "has_laser_guide_star": false
    }
},
{
    "pk": 77, 
    "model": "arcsecond.Mirror", 
    "fields": {
        "diameter": 700.0, 
        "mirror_index": 0, 
        "telescope": 46
    }
},
{
    "pk": 78, 
    "model": "arcsecond.Dome", 
    "fields": {
        "name": "TH\u00c9MIS Dome"
    }
},
{
    "pk": 78, 
    "model": "arcsecond.Telescope", 
    "fields": {
        "name": "TH\u00c9MIS", 
        "observing_site": 46, 
        "has_active_optics": false, 
        "dome": 78, 
        "wavelength_domains": [
            "opt"
        ], 
        "has_adaptative_optics": false, 
        "has_laser_guide_star": false
    }
},
{
    "pk": 78, 
    "model": "arcsecond.Mirror", 
    "fields": {
        "diameter": 900.0, 
        "mirror_index": 0, 
        "telescope": 46
    }
},
{
    "pk": 79, 
    "model": "arcsecond.Dome", 
    "fields": {
        "name": "Birmingham Solar Oscillations Network Dome"
    }
},
{
    "pk": 79, 
    "model": "arcsecond.Telescope", 
    "fields": {
        "name": "Birmingham Solar Oscillations Network", 
        "observing_site": 46, 
        "has_active_optics": false, 
        "dome": 79, 
        "wavelength_domains": [
            "opt"
        ], 
        "has_adaptative_optics": false, 
        "has_laser_guide_star": false
    }
},
{
    "pk": 79, 
    "model": "arcsecond.Mirror", 
    "fields": {
        "diameter": 0.0, 
        "mirror_index": 0, 
        "telescope": 46
    }
},
{
    "pk": 80, 
    "model": "arcsecond.Dome", 
    "fields": {
        "name": "Carlos S\u00e1nchez Infrared Telescope Dome"
    }
},
{
    "pk": 80, 
    "model": "arcsecond.Telescope", 
    "fields": {
        "name": "Carlos S\u00e1nchez Infrared Telescope", 
        "observing_site": 46, 
        "has_active_optics": false, 
        "dome": 80, 
        "wavelength_domains": [
            "opt"
        ], 
        "has_adaptative_optics": false, 
        "has_laser_guide_star": false
    }
},
{
    "pk": 80, 
    "model": "arcsecond.Mirror", 
    "fields": {
        "diameter": 1520.0, 
        "mirror_index": 0, 
        "telescope": 46
    }
},
{
    "pk": 81, 
    "model": "arcsecond.Dome", 
    "fields": {
        "name": "Mons Reflecting Telescope Dome"
    }
},
{
    "pk": 81, 
    "model": "arcsecond.Telescope", 
    "fields": {
        "name": "Mons Reflecting Telescope", 
        "observing_site": 46, 
        "has_active_optics": false, 
        "dome": 81, 
        "wavelength_domains": [
            "opt"
        ], 
        "has_adaptative_optics": false, 
        "has_laser_guide_star": false
    }
},
{
    "pk": 81, 
    "model": "arcsecond.Mirror", 
    "fields": {
        "diameter": 500.0, 
        "mirror_index": 0, 
        "telescope": 46
    }
},
{
    "pk": 82, 
    "model": "arcsecond.Dome", 
    "fields": {
        "name": "IAC-80 Dome"
    }
},
{
    "pk": 82, 
    "model": "arcsecond.Telescope", 
    "fields": {
        "name": "IAC-80", 
        "observing_site": 46, 
        "has_active_optics": false, 
        "dome": 82, 
        "wavelength_domains": [
            "opt"
        ], 
        "has_adaptative_optics": false, 
        "has_laser_guide_star": false
    }
},
{
    "pk": 82, 
    "model": "arcsecond.Mirror", 
    "fields": {
        "diameter": 800.0, 
        "mirror_index": 0, 
        "telescope": 46
    }
},
{
    "pk": 83, 
    "model": "arcsecond.Dome", 
    "fields": {
        "name": "Stellar Astrophysics & Research on Exoplanets Telescope Dome"
    }
},
{
    "pk": 83, 
    "model": "arcsecond.Telescope", 
    "fields": {
        "name": "Stellar Astrophysics & Research on Exoplanets Telescope", 
        "observing_site": 46, 
        "has_active_optics": false, 
        "dome": 83, 
        "wavelength_domains": [
            "opt"
        ], 
        "has_adaptative_optics": false, 
        "has_laser_guide_star": false
    }
},
{
    "pk": 83, 
    "model": "arcsecond.Mirror", 
    "fields": {
        "diameter": 100.0, 
        "mirror_index": 0, 
        "telescope": 46
    }
},
{
    "pk": 84, 
    "model": "arcsecond.Dome", 
    "fields": {
        "name": "STELLA (I & II) Dome"
    }
},
{
    "pk": 84, 
    "model": "arcsecond.Telescope", 
    "fields": {
        "name": "STELLA (I & II)", 
        "observing_site": 46, 
        "has_active_optics": false, 
        "dome": 84, 
        "wavelength_domains": [
            "opt"
        ], 
        "has_adaptative_optics": false, 
        "has_laser_guide_star": false
    }
},
{
    "pk": 84, 
    "model": "arcsecond.Mirror", 
    "fields": {
        "diameter": 1200.0, 
        "mirror_index": 0, 
        "telescope": 46
    }
},
{
    "pk": 85, 
    "model": "arcsecond.Dome", 
    "fields": {
        "name": "SLOOH Dome"
    }
},
{
    "pk": 85, 
    "model": "arcsecond.Telescope", 
    "fields": {
        "name": "SLOOH", 
        "observing_site": 46, 
        "has_active_optics": false, 
        "dome": 85, 
        "wavelength_domains": [
            "opt"
        ], 
        "has_adaptative_optics": false, 
        "has_laser_guide_star": false
    }
},
{
    "pk": 85, 
    "model": "arcsecond.Mirror", 
    "fields": {
        "diameter": 0.0, 
        "mirror_index": 0, 
        "telescope": 46
    }
},
{
    "pk": 86, 
    "model": "arcsecond.Dome", 
    "fields": {
        "name": "33GHz Interferometer Dome"
    }
},
{
    "pk": 86, 
    "model": "arcsecond.Telescope", 
    "fields": {
        "name": "33GHz Interferometer", 
        "observing_site": 46, 
        "has_active_optics": false, 
        "dome": 86, 
        "wavelength_domains": [
            "opt"
        ], 
        "has_adaptative_optics": false, 
        "has_laser_guide_star": false
    }
},
{
    "pk": 86, 
    "model": "arcsecond.Mirror", 
    "fields": {
        "diameter": 0.0, 
        "mirror_index": 0, 
        "telescope": 46
    }
},
{
    "pk": 87, 
    "model": "arcsecond.Dome", 
    "fields": {
        "name": "COSMOSOMAS Dome"
    }
},
{
    "pk": 87, 
    "model": "arcsecond.Telescope", 
    "fields": {
        "name": "COSMOSOMAS", 
        "observing_site": 46, 
        "has_active_optics": false, 
        "dome": 87, 
        "wavelength_domains": [
            "opt"
        ], 
        "has_adaptative_optics": false, 
        "has_laser_guide_star": false
    }
},
{
    "pk": 87, 
    "model": "arcsecond.Mirror", 
    "fields": {
        "diameter": 0.0, 
        "mirror_index": 0, 
        "telescope": 46
    }
},
{
    "pk": 88, 
    "model": "arcsecond.Dome", 
    "fields": {
        "name": "Very Small Array Dome"
    }
},
{
    "pk": 88, 
    "model": "arcsecond.Telescope", 
    "fields": {
        "name": "Very Small Array", 
        "observing_site": 46, 
        "has_active_optics": false, 
        "dome": 88, 
        "wavelength_domains": [
            "opt"
        ], 
        "has_adaptative_optics": false, 
        "has_laser_guide_star": false
    }
},
{
    "pk": 88, 
    "model": "arcsecond.Mirror", 
    "fields": {
        "diameter": 0.0, 
        "mirror_index": 0, 
        "telescope": 46
    }
},
{
    "pk": 89, 
    "model": "arcsecond.Dome", 
    "fields": {
        "name": "RTT150 Dome"
    }
},
{
    "pk": 89, 
    "model": "arcsecond.Telescope", 
    "fields": {
        "name": "RTT150", 
        "observing_site": 47, 
        "has_active_optics": false, 
        "dome": 89, 
        "wavelength_domains": [
            "opt"
        ], 
        "has_adaptative_optics": false, 
        "has_laser_guide_star": false
    }
},
{
    "pk": 89, 
    "model": "arcsecond.Mirror", 
    "fields": {
        "diameter": 1500.0, 
        "mirror_index": 0, 
        "telescope": 47
    }
},
{
    "pk": 90, 
    "model": "arcsecond.Dome", 
    "fields": {
        "name": "T100 Dome"
    }
},
{
    "pk": 90, 
    "model": "arcsecond.Telescope", 
    "fields": {
        "name": "T100", 
        "observing_site": 47, 
        "has_active_optics": false, 
        "dome": 90, 
        "wavelength_domains": [
            "opt"
        ], 
        "has_adaptative_optics": false, 
        "has_laser_guide_star": false
    }
},
{
    "pk": 90, 
    "model": "arcsecond.Mirror", 
    "fields": {
        "diameter": 1000.0, 
        "mirror_index": 0, 
        "telescope": 47
    }
},
{
    "pk": 91, 
    "model": "arcsecond.Dome", 
    "fields": {
        "name": "ROTSEIIID Dome"
    }
},
{
    "pk": 91, 
    "model": "arcsecond.Telescope", 
    "fields": {
        "name": "ROTSEIIID", 
        "observing_site": 47, 
        "has_active_optics": false, 
        "dome": 91, 
        "wavelength_domains": [
            "opt"
        ], 
        "has_adaptative_optics": false, 
        "has_laser_guide_star": false
    }
},
{
    "pk": 91, 
    "model": "arcsecond.Mirror", 
    "fields": {
        "diameter": 450.0, 
        "mirror_index": 0, 
        "telescope": 47
    }
},
{
    "pk": 92, 
    "model": "arcsecond.Dome", 
    "fields": {
        "name": "T40 Dome"
    }
},
{
    "pk": 92, 
    "model": "arcsecond.Telescope", 
    "fields": {
        "name": "T40", 
        "observing_site": 47, 
        "has_active_optics": false, 
        "dome": 92, 
        "wavelength_domains": [
            "opt"
        ], 
        "has_adaptative_optics": false, 
        "has_laser_guide_star": false
    }
},
{
    "pk": 92, 
    "model": "arcsecond.Mirror", 
    "fields": {
        "diameter": 400.0, 
        "mirror_index": 0, 
        "telescope": 47
    }
},
{
    "pk": 93, 
    "model": "arcsecond.Dome", 
    "fields": {
        "name": "Celestron 11'' Dome"
    }
},
{
    "pk": 93, 
    "model": "arcsecond.Telescope", 
    "fields": {
        "name": "Celestron 11''", 
        "observing_site": 48, 
        "has_active_optics": false, 
        "dome": 93, 
        "wavelength_domains": [
            "opt"
        ], 
        "has_adaptative_optics": false, 
        "has_laser_guide_star": false
    }
},
{
    "pk": 93, 
    "model": "arcsecond.Mirror", 
    "fields": {
        "diameter": 279.0, 
        "mirror_index": 0, 
        "telescope": 48
    }
},
{
    "pk": 94, 
    "model": "arcsecond.Dome", 
    "fields": {
        "name": "Meade LX200 12'' Dome"
    }
},
{
    "pk": 94, 
    "model": "arcsecond.Telescope", 
    "fields": {
        "name": "Meade LX200 12''", 
        "observing_site": 48, 
        "has_active_optics": false, 
        "dome": 94, 
        "wavelength_domains": [
            "opt"
        ], 
        "has_adaptative_optics": false, 
        "has_laser_guide_star": false
    }
},
{
    "pk": 94, 
    "model": "arcsecond.Mirror", 
    "fields": {
        "diameter": 305.0, 
        "mirror_index": 0, 
        "telescope": 48
    }
},
{
    "pk": 95, 
    "model": "arcsecond.Dome", 
    "fields": {
        "name": "Vienna Little Telescope Dome"
    }
},
{
    "pk": 95, 
    "model": "arcsecond.Telescope", 
    "fields": {
        "name": "Vienna Little Telescope", 
        "observing_site": 50, 
        "has_active_optics": false, 
        "dome": 95, 
        "wavelength_domains": [
            "opt"
        ], 
        "has_adaptative_optics": false, 
        "has_laser_guide_star": false
    }
},
{
    "pk": 95, 
    "model": "arcsecond.Mirror", 
    "fields": {
        "diameter": 800.0, 
        "mirror_index": 0, 
        "telescope": 50
    }
}
]